ใบที่,พนักงาน,วันที่,หมวด,ชุดที่ 1,ชุดที่ 3,ชุดที่ 2,ข้อความดิบ,สถานะ
TEST-01,พนักงาน ก.,17/09/69,บน,401,,120x120,401 = 120x120,ถูกต้อง
TEST-01,พนักงาน ก.,17/09/69,บน,370,,36x36,370 = 36x36,ถูกต้อง
TEST-01,พนักงาน ก.,17/09/69,บน,690,,12x12,690 = 12x12,ถูกต้อง
TEST-01,พนักงาน ก.,17/09/69,บน,377,ก3,12,"377 , ก3 , 12",ถูกต้อง
TEST-01,พนักงาน ก.,17/09/69,บน,450,,12x12,450 - 12x12,ถูกต้อง
TEST-01,พนักงาน ก.,17/09/69,ล่าง,12,,12,12 = 12,ถูกต้อง
TEST-01,พนักงาน ก.,17/09/69,ล่าง,43,,36x36,43 = 36x36,ถูกต้อง
TEST-01,พนักงาน ก.,17/09/69,ล่าง,68,,24x24,68 = 24x24,ถูกต้อง
TEST-01,พนักงาน ก.,17/09/69,ล่าง,19,,24,19 - 24,ถูกต้อง
